<?xml version="1.0" encoding="ISO-8859-1" ?>
<link_info>
   <banner>TI ARM Linker PC v20.2.7.LTS</banner>
   <copyright>Copyright (c) 1996-2018 Texas Instruments Incorporated</copyright>
   <link_time>0x6812c190</link_time>
   <link_errors>0x0</link_errors>
   <output_file>roambot.out</output_file>
   <entry_point>
      <name>_c_int00_noargs</name>
      <address>0xc15</address>
   </entry_point>
   <input_file_list>
      <input_file id="fl-2">
         <path>.\</path>
         <kind>object</kind>
         <file>tm4c123gh6pm_startup_ccs.obj</file>
         <name>tm4c123gh6pm_startup_ccs.obj</name>
      </input_file>
      <input_file id="fl-3">
         <path>.\src\</path>
         <kind>object</kind>
         <file>clock.obj</file>
         <name>clock.obj</name>
      </input_file>
      <input_file id="fl-4">
         <path>.\src\</path>
         <kind>object</kind>
         <file>gpio.obj</file>
         <name>gpio.obj</name>
      </input_file>
      <input_file id="fl-5">
         <path>.\src\</path>
         <kind>object</kind>
         <file>main.obj</file>
         <name>main.obj</name>
      </input_file>
      <input_file id="fl-6">
         <path>.\src\</path>
         <kind>object</kind>
         <file>serial.obj</file>
         <name>serial.obj</name>
      </input_file>
      <input_file id="fl-7">
         <path>.\src\</path>
         <kind>object</kind>
         <file>sonar.obj</file>
         <name>sonar.obj</name>
      </input_file>
      <input_file id="fl-8">
         <path>.\src\</path>
         <kind>object</kind>
         <file>uart.obj</file>
         <name>uart.obj</name>
      </input_file>
      <input_file id="fl-9">
         <path>.\src\</path>
         <kind>object</kind>
         <file>wait.obj</file>
         <name>wait.obj</name>
      </input_file>
      <input_file id="fl-d">
         <kind>object</kind>
         <file>&lt;internal&gt;</file>
         <name>&lt;internal&gt;</name>
      </input_file>
      <input_file id="fl-c3">
         <path>C:\ti\ccs1280\ccs\tools\compiler\ti-cgt-arm_20.2.7.LTS\lib\</path>
         <kind>archive</kind>
         <file>rtsv7M4_T_le_v4SPD16_eabi.lib</file>
         <name>copy_zero_init.c.obj</name>
      </input_file>
      <input_file id="fl-c4">
         <path>C:\ti\ccs1280\ccs\tools\compiler\ti-cgt-arm_20.2.7.LTS\lib\</path>
         <kind>archive</kind>
         <file>rtsv7M4_T_le_v4SPD16_eabi.lib</file>
         <name>copy_decompress_none.c.obj</name>
      </input_file>
      <input_file id="fl-c5">
         <path>C:\ti\ccs1280\ccs\tools\compiler\ti-cgt-arm_20.2.7.LTS\lib\</path>
         <kind>archive</kind>
         <file>rtsv7M4_T_le_v4SPD16_eabi.lib</file>
         <name>copy_decompress_lzss.c.obj</name>
      </input_file>
      <input_file id="fl-c6">
         <path>C:\ti\ccs1280\ccs\tools\compiler\ti-cgt-arm_20.2.7.LTS\lib\</path>
         <kind>archive</kind>
         <file>rtsv7M4_T_le_v4SPD16_eabi.lib</file>
         <name>boot_cortex_m.c.obj</name>
      </input_file>
      <input_file id="fl-c7">
         <path>C:\ti\ccs1280\ccs\tools\compiler\ti-cgt-arm_20.2.7.LTS\lib\</path>
         <kind>archive</kind>
         <file>rtsv7M4_T_le_v4SPD16_eabi.lib</file>
         <name>memcpy_t2.asm.obj</name>
      </input_file>
      <input_file id="fl-c8">
         <path>C:\ti\ccs1280\ccs\tools\compiler\ti-cgt-arm_20.2.7.LTS\lib\</path>
         <kind>archive</kind>
         <file>rtsv7M4_T_le_v4SPD16_eabi.lib</file>
         <name>memset_t2.asm.obj</name>
      </input_file>
      <input_file id="fl-c9">
         <path>C:\ti\ccs1280\ccs\tools\compiler\ti-cgt-arm_20.2.7.LTS\lib\</path>
         <kind>archive</kind>
         <file>rtsv7M4_T_le_v4SPD16_eabi.lib</file>
         <name>autoinit.c.obj</name>
      </input_file>
      <input_file id="fl-ca">
         <path>C:\ti\ccs1280\ccs\tools\compiler\ti-cgt-arm_20.2.7.LTS\lib\</path>
         <kind>archive</kind>
         <file>rtsv7M4_T_le_v4SPD16_eabi.lib</file>
         <name>pre_init.c.obj</name>
      </input_file>
      <input_file id="fl-cb">
         <path>C:\ti\ccs1280\ccs\tools\compiler\ti-cgt-arm_20.2.7.LTS\lib\</path>
         <kind>archive</kind>
         <file>rtsv7M4_T_le_v4SPD16_eabi.lib</file>
         <name>cpy_tbl.c.obj</name>
      </input_file>
      <input_file id="fl-cc">
         <path>C:\ti\ccs1280\ccs\tools\compiler\ti-cgt-arm_20.2.7.LTS\lib\</path>
         <kind>archive</kind>
         <file>rtsv7M4_T_le_v4SPD16_eabi.lib</file>
         <name>exit.c.obj</name>
      </input_file>
      <input_file id="fl-cd">
         <path>C:\ti\ccs1280\ccs\tools\compiler\ti-cgt-arm_20.2.7.LTS\lib\</path>
         <kind>archive</kind>
         <file>rtsv7M4_T_le_v4SPD16_eabi.lib</file>
         <name>_lock.c.obj</name>
      </input_file>
      <input_file id="fl-ce">
         <path>C:\ti\ccs1280\ccs\tools\compiler\ti-cgt-arm_20.2.7.LTS\lib\</path>
         <kind>archive</kind>
         <file>rtsv7M4_T_le_v4SPD16_eabi.lib</file>
         <name>args_main.c.obj</name>
      </input_file>
   </input_file_list>
   <object_component_list>
      <object_component id="oc-12">
         <name>.intvecs</name>
         <load_address>0x0</load_address>
         <run_address>0x0</run_address>
         <size>0x26c</size>
         <input_file_ref idref="fl-2"/>
      </object_component>
      <object_component id="oc-2d">
         <name>.text</name>
         <load_address>0x26c</load_address>
         <run_address>0x26c</run_address>
         <size>0x334</size>
         <input_file_ref idref="fl-7"/>
      </object_component>
      <object_component id="oc-e8">
         <name>.text</name>
         <load_address>0x5a0</load_address>
         <run_address>0x5a0</run_address>
         <size>0x274</size>
         <input_file_ref idref="fl-8"/>
      </object_component>
      <object_component id="oc-e2">
         <name>.text</name>
         <load_address>0x814</load_address>
         <run_address>0x814</run_address>
         <size>0x178</size>
         <input_file_ref idref="fl-6"/>
      </object_component>
      <object_component id="oc-b0">
         <name>.text</name>
         <load_address>0x98c</load_address>
         <run_address>0x98c</run_address>
         <size>0x140</size>
         <input_file_ref idref="fl-5"/>
      </object_component>
      <object_component id="oc-41">
         <name>.text</name>
         <load_address>0xacc</load_address>
         <run_address>0xacc</run_address>
         <size>0x9c</size>
         <input_file_ref idref="fl-c7"/>
      </object_component>
      <object_component id="oc-15">
         <name>.text:decompress:lzss:__TI_decompress_lzss</name>
         <load_address>0xb68</load_address>
         <run_address>0xb68</run_address>
         <size>0x68</size>
         <input_file_ref idref="fl-c5"/>
      </object_component>
      <object_component id="oc-fc">
         <name>.text:__TI_auto_init_nobinit_nopinit:__TI_auto_init_nobinit_nopinit</name>
         <load_address>0xbd0</load_address>
         <run_address>0xbd0</run_address>
         <size>0x44</size>
         <input_file_ref idref="fl-c9"/>
      </object_component>
      <object_component id="oc-5f">
         <name>.text:_c_int00_noargs:_c_int00_noargs</name>
         <load_address>0xc14</load_address>
         <run_address>0xc14</run_address>
         <size>0x34</size>
         <input_file_ref idref="fl-c6"/>
      </object_component>
      <object_component id="oc-74">
         <name>.text</name>
         <load_address>0xc48</load_address>
         <run_address>0xc48</run_address>
         <size>0x24</size>
         <input_file_ref idref="fl-9"/>
      </object_component>
      <object_component id="oc-4d">
         <name>.text:decompress:ZI:__TI_zero_init_nomemset:__TI_zero_init_nomemset</name>
         <load_address>0xc6c</load_address>
         <run_address>0xc6c</run_address>
         <size>0x1c</size>
         <input_file_ref idref="fl-c3"/>
      </object_component>
      <object_component id="oc-dc">
         <name>.text</name>
         <load_address>0xc88</load_address>
         <run_address>0xc88</run_address>
         <size>0x10</size>
         <input_file_ref idref="fl-3"/>
      </object_component>
      <object_component id="oc-1b">
         <name>.text:decompress:none:__TI_decompress_none</name>
         <load_address>0xc98</load_address>
         <run_address>0xc98</run_address>
         <size>0xe</size>
         <input_file_ref idref="fl-c4"/>
      </object_component>
      <object_component id="oc-27">
         <name>.text</name>
         <load_address>0xca6</load_address>
         <run_address>0xca6</run_address>
         <size>0xc</size>
         <input_file_ref idref="fl-2"/>
      </object_component>
      <object_component id="oc-aa">
         <name>.text:_system_pre_init</name>
         <load_address>0xcb2</load_address>
         <run_address>0xcb2</run_address>
         <size>0x4</size>
         <input_file_ref idref="fl-ca"/>
      </object_component>
      <object_component id="oc-f0">
         <name>.text:abort:abort</name>
         <load_address>0xcb6</load_address>
         <run_address>0xcb6</run_address>
         <size>0x4</size>
         <input_file_ref idref="fl-cc"/>
      </object_component>
      <object_component id="oc-1ab">
         <name>__TI_handler_table</name>
         <load_address>0xcc0</load_address>
         <run_address>0xcc0</run_address>
         <size>0xc</size>
      </object_component>
      <object_component id="oc-1ae">
         <name>.cinit..bss.load</name>
         <load_address>0xcd0</load_address>
         <run_address>0xcd0</run_address>
         <size>0x8</size>
      </object_component>
      <object_component id="oc-1ad">
         <name>.cinit..data.load</name>
         <load_address>0xcd8</load_address>
         <run_address>0xcd8</run_address>
         <size>0x6</size>
      </object_component>
      <object_component id="oc-1ac">
         <name>__TI_cinit_table</name>
         <load_address>0xce0</load_address>
         <run_address>0xce0</run_address>
         <size>0x10</size>
      </object_component>
      <object_component id="oc-ee">
         <name>.data</name>
         <load_address>0x20000212</load_address>
         <run_address>0x20000212</run_address>
         <size>0x2</size>
         <input_file_ref idref="fl-5"/>
      </object_component>
      <object_component id="oc-12f">
         <name>.bss</name>
         <uninitialized>true</uninitialized>
         <run_address>0x20000200</run_address>
         <size>0x5</size>
         <input_file_ref idref="fl-6"/>
      </object_component>
      <object_component id="oc-7a">
         <name>.common:step0</name>
         <uninitialized>true</uninitialized>
         <run_address>0x20000206</run_address>
         <size>0x2</size>
      </object_component>
      <object_component id="oc-7f">
         <name>.common:echoTime0</name>
         <uninitialized>true</uninitialized>
         <run_address>0x20000208</run_address>
         <size>0x4</size>
      </object_component>
      <object_component id="oc-80">
         <name>.common:step1</name>
         <uninitialized>true</uninitialized>
         <run_address>0x20000210</run_address>
         <size>0x2</size>
      </object_component>
      <object_component id="oc-81">
         <name>.common:echoTime1</name>
         <uninitialized>true</uninitialized>
         <run_address>0x2000020c</run_address>
         <size>0x4</size>
      </object_component>
      <object_component id="oc-24">
         <name>.stack</name>
         <uninitialized>true</uninitialized>
         <run_address>0x20000000</run_address>
         <size>0x4</size>
         <input_file_ref idref="fl-c6"/>
      </object_component>
      <object_component id="oc-1b0">
         <name>.stack</name>
         <uninitialized>true</uninitialized>
         <run_address>0x20000000</run_address>
         <size>0x0</size>
      </object_component>
      <object_component id="oc-35">
         <name>.debug_info</name>
         <load_address>0x0</load_address>
         <run_address>0x0</run_address>
         <size>0x329</size>
         <input_file_ref idref="fl-2"/>
      </object_component>
      <object_component id="oc-13">
         <name>.debug_info</name>
         <load_address>0x329</load_address>
         <run_address>0x329</run_address>
         <size>0x100</size>
         <input_file_ref idref="fl-2"/>
      </object_component>
      <object_component id="oc-28">
         <name>.debug_info</name>
         <load_address>0x429</load_address>
         <run_address>0x429</run_address>
         <size>0x27c</size>
         <input_file_ref idref="fl-2"/>
      </object_component>
      <object_component id="oc-85">
         <name>.debug_info</name>
         <load_address>0x6a5</load_address>
         <run_address>0x6a5</run_address>
         <size>0x26b</size>
         <input_file_ref idref="fl-2"/>
      </object_component>
      <object_component id="oc-3c">
         <name>.debug_info</name>
         <load_address>0x910</load_address>
         <run_address>0x910</run_address>
         <size>0x84</size>
         <input_file_ref idref="fl-2"/>
      </object_component>
      <object_component id="oc-c7">
         <name>.debug_info</name>
         <load_address>0x994</load_address>
         <run_address>0x994</run_address>
         <size>0x2a4</size>
         <input_file_ref idref="fl-2"/>
      </object_component>
      <object_component id="oc-8a">
         <name>.debug_info</name>
         <load_address>0xc38</load_address>
         <run_address>0xc38</run_address>
         <size>0xbb</size>
         <input_file_ref idref="fl-2"/>
      </object_component>
      <object_component id="oc-e0">
         <name>.debug_info</name>
         <load_address>0xcf3</load_address>
         <run_address>0xcf3</run_address>
         <size>0x139</size>
         <input_file_ref idref="fl-3"/>
      </object_component>
      <object_component id="oc-7b">
         <name>.debug_info</name>
         <load_address>0xe2c</load_address>
         <run_address>0xe2c</run_address>
         <size>0x4ff</size>
         <input_file_ref idref="fl-5"/>
      </object_component>
      <object_component id="oc-b1">
         <name>.debug_info</name>
         <load_address>0x132b</load_address>
         <run_address>0x132b</run_address>
         <size>0x481</size>
         <input_file_ref idref="fl-5"/>
      </object_component>
      <object_component id="oc-e6">
         <name>.debug_info</name>
         <load_address>0x17ac</load_address>
         <run_address>0x17ac</run_address>
         <size>0x3e9</size>
         <input_file_ref idref="fl-6"/>
      </object_component>
      <object_component id="oc-7d">
         <name>.debug_info</name>
         <load_address>0x1b95</load_address>
         <run_address>0x1b95</run_address>
         <size>0x320</size>
         <input_file_ref idref="fl-7"/>
      </object_component>
      <object_component id="oc-2f">
         <name>.debug_info</name>
         <load_address>0x1eb5</load_address>
         <run_address>0x1eb5</run_address>
         <size>0x287</size>
         <input_file_ref idref="fl-7"/>
      </object_component>
      <object_component id="oc-eb">
         <name>.debug_info</name>
         <load_address>0x213c</load_address>
         <run_address>0x213c</run_address>
         <size>0x744</size>
         <input_file_ref idref="fl-8"/>
      </object_component>
      <object_component id="oc-75">
         <name>.debug_info</name>
         <load_address>0x2880</load_address>
         <run_address>0x2880</run_address>
         <size>0x143</size>
         <input_file_ref idref="fl-9"/>
      </object_component>
      <object_component id="oc-a3">
         <name>.debug_info</name>
         <load_address>0x29c3</load_address>
         <run_address>0x29c3</run_address>
         <size>0x2d4</size>
         <input_file_ref idref="fl-c3"/>
      </object_component>
      <object_component id="oc-50">
         <name>.debug_info</name>
         <load_address>0x2c97</load_address>
         <run_address>0x2c97</run_address>
         <size>0x1d2</size>
         <input_file_ref idref="fl-c3"/>
      </object_component>
      <object_component id="oc-9e">
         <name>.debug_info</name>
         <load_address>0x2e69</load_address>
         <run_address>0x2e69</run_address>
         <size>0x46</size>
         <input_file_ref idref="fl-c3"/>
      </object_component>
      <object_component id="oc-d3">
         <name>.debug_info</name>
         <load_address>0x2eaf</load_address>
         <run_address>0x2eaf</run_address>
         <size>0x2c</size>
         <input_file_ref idref="fl-c3"/>
      </object_component>
      <object_component id="oc-4c">
         <name>.debug_info</name>
         <load_address>0x2edb</load_address>
         <run_address>0x2edb</run_address>
         <size>0x2a8</size>
         <input_file_ref idref="fl-c4"/>
      </object_component>
      <object_component id="oc-1e">
         <name>.debug_info</name>
         <load_address>0x3183</load_address>
         <run_address>0x3183</run_address>
         <size>0x1ea</size>
         <input_file_ref idref="fl-c4"/>
      </object_component>
      <object_component id="oc-47">
         <name>.debug_info</name>
         <load_address>0x336d</load_address>
         <run_address>0x336d</run_address>
         <size>0x46</size>
         <input_file_ref idref="fl-c4"/>
      </object_component>
      <object_component id="oc-96">
         <name>.debug_info</name>
         <load_address>0x33b3</load_address>
         <run_address>0x33b3</run_address>
         <size>0x2c</size>
         <input_file_ref idref="fl-c4"/>
      </object_component>
      <object_component id="oc-94">
         <name>.debug_info</name>
         <load_address>0x33df</load_address>
         <run_address>0x33df</run_address>
         <size>0x29e</size>
         <input_file_ref idref="fl-c5"/>
      </object_component>
      <object_component id="oc-16">
         <name>.debug_info</name>
         <load_address>0x367d</load_address>
         <run_address>0x367d</run_address>
         <size>0x250</size>
         <input_file_ref idref="fl-c5"/>
      </object_component>
      <object_component id="oc-37">
         <name>.debug_info</name>
         <load_address>0x38cd</load_address>
         <run_address>0x38cd</run_address>
         <size>0x60</size>
         <input_file_ref idref="fl-c5"/>
      </object_component>
      <object_component id="oc-cc">
         <name>.debug_info</name>
         <load_address>0x392d</load_address>
         <run_address>0x392d</run_address>
         <size>0x46</size>
         <input_file_ref idref="fl-c5"/>
      </object_component>
      <object_component id="oc-8f">
         <name>.debug_info</name>
         <load_address>0x3973</load_address>
         <run_address>0x3973</run_address>
         <size>0x39</size>
         <input_file_ref idref="fl-c5"/>
      </object_component>
      <object_component id="oc-25">
         <name>.debug_info</name>
         <load_address>0x39ac</load_address>
         <run_address>0x39ac</run_address>
         <size>0x10b</size>
         <input_file_ref idref="fl-c6"/>
      </object_component>
      <object_component id="oc-62">
         <name>.debug_info</name>
         <load_address>0x3ab7</load_address>
         <run_address>0x3ab7</run_address>
         <size>0x1a9</size>
         <input_file_ref idref="fl-c6"/>
      </object_component>
      <object_component id="oc-44">
         <name>.debug_info</name>
         <load_address>0x3c60</load_address>
         <run_address>0x3c60</run_address>
         <size>0x119</size>
         <input_file_ref idref="fl-c7"/>
      </object_component>
      <object_component id="oc-13d">
         <name>.debug_info</name>
         <load_address>0x3d79</load_address>
         <run_address>0x3d79</run_address>
         <size>0x4b3</size>
         <input_file_ref idref="fl-c9"/>
      </object_component>
      <object_component id="oc-fe">
         <name>.debug_info</name>
         <load_address>0x422c</load_address>
         <run_address>0x422c</run_address>
         <size>0x1a6</size>
         <input_file_ref idref="fl-c9"/>
      </object_component>
      <object_component id="oc-162">
         <name>.debug_info</name>
         <load_address>0x43d2</load_address>
         <run_address>0x43d2</run_address>
         <size>0x39</size>
         <input_file_ref idref="fl-c9"/>
      </object_component>
      <object_component id="oc-176">
         <name>.debug_info</name>
         <load_address>0x440b</load_address>
         <run_address>0x440b</run_address>
         <size>0x39</size>
         <input_file_ref idref="fl-c9"/>
      </object_component>
      <object_component id="oc-167">
         <name>.debug_info</name>
         <load_address>0x4444</load_address>
         <run_address>0x4444</run_address>
         <size>0x39</size>
         <input_file_ref idref="fl-c9"/>
      </object_component>
      <object_component id="oc-16c">
         <name>.debug_info</name>
         <load_address>0x447d</load_address>
         <run_address>0x447d</run_address>
         <size>0xcd</size>
         <input_file_ref idref="fl-c9"/>
      </object_component>
      <object_component id="oc-ad">
         <name>.debug_info</name>
         <load_address>0x454a</load_address>
         <run_address>0x454a</run_address>
         <size>0x153</size>
         <input_file_ref idref="fl-ca"/>
      </object_component>
      <object_component id="oc-f3">
         <name>.debug_info</name>
         <load_address>0x469d</load_address>
         <run_address>0x469d</run_address>
         <size>0x122</size>
         <input_file_ref idref="fl-cc"/>
      </object_component>
      <object_component id="oc-1b1">
         <name>.debug_info</name>
         <load_address>0x47bf</load_address>
         <run_address>0x47bf</run_address>
         <size>0xb3</size>
      </object_component>
      <object_component id="oc-84">
         <name>.debug_line</name>
         <load_address>0x0</load_address>
         <run_address>0x0</run_address>
         <size>0x41</size>
         <input_file_ref idref="fl-2"/>
      </object_component>
      <object_component id="oc-34">
         <name>.debug_line</name>
         <load_address>0x41</load_address>
         <run_address>0x41</run_address>
         <size>0x41</size>
         <input_file_ref idref="fl-2"/>
      </object_component>
      <object_component id="oc-2c">
         <name>.debug_line</name>
         <load_address>0x82</load_address>
         <run_address>0x82</run_address>
         <size>0xa1</size>
         <input_file_ref idref="fl-2"/>
      </object_component>
      <object_component id="oc-88">
         <name>.debug_line</name>
         <load_address>0x123</load_address>
         <run_address>0x123</run_address>
         <size>0x6f</size>
         <input_file_ref idref="fl-2"/>
      </object_component>
      <object_component id="oc-3f">
         <name>.debug_line</name>
         <load_address>0x192</load_address>
         <run_address>0x192</run_address>
         <size>0x20</size>
         <input_file_ref idref="fl-2"/>
      </object_component>
      <object_component id="oc-ca">
         <name>.debug_line</name>
         <load_address>0x1b2</load_address>
         <run_address>0x1b2</run_address>
         <size>0x73</size>
         <input_file_ref idref="fl-2"/>
      </object_component>
      <object_component id="oc-8d">
         <name>.debug_line</name>
         <load_address>0x225</load_address>
         <run_address>0x225</run_address>
         <size>0x70</size>
         <input_file_ref idref="fl-2"/>
      </object_component>
      <object_component id="oc-dd">
         <name>.debug_line</name>
         <load_address>0x295</load_address>
         <run_address>0x295</run_address>
         <size>0x47</size>
         <input_file_ref idref="fl-3"/>
      </object_component>
      <object_component id="oc-c4">
         <name>.debug_line</name>
         <load_address>0x2dc</load_address>
         <run_address>0x2dc</run_address>
         <size>0xb5</size>
         <input_file_ref idref="fl-5"/>
      </object_component>
      <object_component id="oc-b4">
         <name>.debug_line</name>
         <load_address>0x391</load_address>
         <run_address>0x391</run_address>
         <size>0xd4</size>
         <input_file_ref idref="fl-5"/>
      </object_component>
      <object_component id="oc-e3">
         <name>.debug_line</name>
         <load_address>0x465</load_address>
         <run_address>0x465</run_address>
         <size>0xaf</size>
         <input_file_ref idref="fl-6"/>
      </object_component>
      <object_component id="oc-c6">
         <name>.debug_line</name>
         <load_address>0x514</load_address>
         <run_address>0x514</run_address>
         <size>0x7f</size>
         <input_file_ref idref="fl-7"/>
      </object_component>
      <object_component id="oc-32">
         <name>.debug_line</name>
         <load_address>0x593</load_address>
         <run_address>0x593</run_address>
         <size>0x10d</size>
         <input_file_ref idref="fl-7"/>
      </object_component>
      <object_component id="oc-e9">
         <name>.debug_line</name>
         <load_address>0x6a0</load_address>
         <run_address>0x6a0</run_address>
         <size>0x19b</size>
         <input_file_ref idref="fl-8"/>
      </object_component>
      <object_component id="oc-78">
         <name>.debug_line</name>
         <load_address>0x83b</load_address>
         <run_address>0x83b</run_address>
         <size>0x56</size>
         <input_file_ref idref="fl-9"/>
      </object_component>
      <object_component id="oc-d9">
         <name>.debug_line</name>
         <load_address>0x891</load_address>
         <run_address>0x891</run_address>
         <size>0x92</size>
         <input_file_ref idref="fl-c3"/>
      </object_component>
      <object_component id="oc-4e">
         <name>.debug_line</name>
         <load_address>0x923</load_address>
         <run_address>0x923</run_address>
         <size>0x4c</size>
         <input_file_ref idref="fl-c3"/>
      </object_component>
      <object_component id="oc-a1">
         <name>.debug_line</name>
         <load_address>0x96f</load_address>
         <run_address>0x96f</run_address>
         <size>0x34</size>
         <input_file_ref idref="fl-c3"/>
      </object_component>
      <object_component id="oc-d6">
         <name>.debug_line</name>
         <load_address>0x9a3</load_address>
         <run_address>0x9a3</run_address>
         <size>0x92</size>
         <input_file_ref idref="fl-c3"/>
      </object_component>
      <object_component id="oc-9c">
         <name>.debug_line</name>
         <load_address>0xa35</load_address>
         <run_address>0xa35</run_address>
         <size>0x20</size>
         <input_file_ref idref="fl-c4"/>
      </object_component>
      <object_component id="oc-20">
         <name>.debug_line</name>
         <load_address>0xa55</load_address>
         <run_address>0xa55</run_address>
         <size>0x55</size>
         <input_file_ref idref="fl-c4"/>
      </object_component>
      <object_component id="oc-4a">
         <name>.debug_line</name>
         <load_address>0xaaa</load_address>
         <run_address>0xaaa</run_address>
         <size>0x3a</size>
         <input_file_ref idref="fl-c4"/>
      </object_component>
      <object_component id="oc-99">
         <name>.debug_line</name>
         <load_address>0xae4</load_address>
         <run_address>0xae4</run_address>
         <size>0x92</size>
         <input_file_ref idref="fl-c4"/>
      </object_component>
      <object_component id="oc-d2">
         <name>.debug_line</name>
         <load_address>0xb76</load_address>
         <run_address>0xb76</run_address>
         <size>0x20</size>
         <input_file_ref idref="fl-c5"/>
      </object_component>
      <object_component id="oc-1a">
         <name>.debug_line</name>
         <load_address>0xb96</load_address>
         <run_address>0xb96</run_address>
         <size>0xa9</size>
         <input_file_ref idref="fl-c5"/>
      </object_component>
      <object_component id="oc-3a">
         <name>.debug_line</name>
         <load_address>0xc3f</load_address>
         <run_address>0xc3f</run_address>
         <size>0x3a</size>
         <input_file_ref idref="fl-c5"/>
      </object_component>
      <object_component id="oc-cf">
         <name>.debug_line</name>
         <load_address>0xc79</load_address>
         <run_address>0xc79</run_address>
         <size>0x9a</size>
         <input_file_ref idref="fl-c5"/>
      </object_component>
      <object_component id="oc-92">
         <name>.debug_line</name>
         <load_address>0xd13</load_address>
         <run_address>0xd13</run_address>
         <size>0x96</size>
         <input_file_ref idref="fl-c5"/>
      </object_component>
      <object_component id="oc-72">
         <name>.debug_line</name>
         <load_address>0xda9</load_address>
         <run_address>0xda9</run_address>
         <size>0x33</size>
         <input_file_ref idref="fl-c6"/>
      </object_component>
      <object_component id="oc-64">
         <name>.debug_line</name>
         <load_address>0xddc</load_address>
         <run_address>0xddc</run_address>
         <size>0x45</size>
         <input_file_ref idref="fl-c6"/>
      </object_component>
      <object_component id="oc-42">
         <name>.debug_line</name>
         <load_address>0xe21</load_address>
         <run_address>0xe21</run_address>
         <size>0x88</size>
         <input_file_ref idref="fl-c7"/>
      </object_component>
      <object_component id="oc-161">
         <name>.debug_line</name>
         <load_address>0xea9</load_address>
         <run_address>0xea9</run_address>
         <size>0xbf</size>
         <input_file_ref idref="fl-c9"/>
      </object_component>
      <object_component id="oc-fd">
         <name>.debug_line</name>
         <load_address>0xf68</load_address>
         <run_address>0xf68</run_address>
         <size>0x6f</size>
         <input_file_ref idref="fl-c9"/>
      </object_component>
      <object_component id="oc-165">
         <name>.debug_line</name>
         <load_address>0xfd7</load_address>
         <run_address>0xfd7</run_address>
         <size>0x2e</size>
         <input_file_ref idref="fl-c9"/>
      </object_component>
      <object_component id="oc-179">
         <name>.debug_line</name>
         <load_address>0x1005</load_address>
         <run_address>0x1005</run_address>
         <size>0x9a</size>
         <input_file_ref idref="fl-c9"/>
      </object_component>
      <object_component id="oc-16a">
         <name>.debug_line</name>
         <load_address>0x109f</load_address>
         <run_address>0x109f</run_address>
         <size>0x97</size>
         <input_file_ref idref="fl-c9"/>
      </object_component>
      <object_component id="oc-16f">
         <name>.debug_line</name>
         <load_address>0x1136</load_address>
         <run_address>0x1136</run_address>
         <size>0x93</size>
         <input_file_ref idref="fl-c9"/>
      </object_component>
      <object_component id="oc-af">
         <name>.debug_line</name>
         <load_address>0x11c9</load_address>
         <run_address>0x11c9</run_address>
         <size>0x40</size>
         <input_file_ref idref="fl-ca"/>
      </object_component>
      <object_component id="oc-f1">
         <name>.debug_line</name>
         <load_address>0x1209</load_address>
         <run_address>0x1209</run_address>
         <size>0x3c</size>
         <input_file_ref idref="fl-cc"/>
      </object_component>
      <object_component id="oc-2b">
         <name>.debug_frame</name>
         <load_address>0x0</load_address>
         <run_address>0x0</run_address>
         <size>0x90</size>
         <input_file_ref idref="fl-2"/>
      </object_component>
      <object_component id="oc-df">
         <name>.debug_frame</name>
         <load_address>0x90</load_address>
         <run_address>0x90</run_address>
         <size>0x54</size>
         <input_file_ref idref="fl-3"/>
      </object_component>
      <object_component id="oc-b5">
         <name>.debug_frame</name>
         <load_address>0xe4</load_address>
         <run_address>0xe4</run_address>
         <size>0xa8</size>
         <input_file_ref idref="fl-5"/>
      </object_component>
      <object_component id="oc-e5">
         <name>.debug_frame</name>
         <load_address>0x18c</load_address>
         <run_address>0x18c</run_address>
         <size>0x84</size>
         <input_file_ref idref="fl-6"/>
      </object_component>
      <object_component id="oc-31">
         <name>.debug_frame</name>
         <load_address>0x210</load_address>
         <run_address>0x210</run_address>
         <size>0xac</size>
         <input_file_ref idref="fl-7"/>
      </object_component>
      <object_component id="oc-ed">
         <name>.debug_frame</name>
         <load_address>0x2bc</load_address>
         <run_address>0x2bc</run_address>
         <size>0x158</size>
         <input_file_ref idref="fl-8"/>
      </object_component>
      <object_component id="oc-79">
         <name>.debug_frame</name>
         <load_address>0x414</load_address>
         <run_address>0x414</run_address>
         <size>0x58</size>
         <input_file_ref idref="fl-9"/>
      </object_component>
      <object_component id="oc-52">
         <name>.debug_frame</name>
         <load_address>0x46c</load_address>
         <run_address>0x46c</run_address>
         <size>0x54</size>
         <input_file_ref idref="fl-c3"/>
      </object_component>
      <object_component id="oc-1d">
         <name>.debug_frame</name>
         <load_address>0x4c0</load_address>
         <run_address>0x4c0</run_address>
         <size>0x54</size>
         <input_file_ref idref="fl-c4"/>
      </object_component>
      <object_component id="oc-19">
         <name>.debug_frame</name>
         <load_address>0x514</load_address>
         <run_address>0x514</run_address>
         <size>0x60</size>
         <input_file_ref idref="fl-c5"/>
      </object_component>
      <object_component id="oc-61">
         <name>.debug_frame</name>
         <load_address>0x574</load_address>
         <run_address>0x574</run_address>
         <size>0x50</size>
         <input_file_ref idref="fl-c6"/>
      </object_component>
      <object_component id="oc-101">
         <name>.debug_frame</name>
         <load_address>0x5c4</load_address>
         <run_address>0x5c4</run_address>
         <size>0x5c</size>
         <input_file_ref idref="fl-c9"/>
      </object_component>
      <object_component id="oc-ac">
         <name>.debug_frame</name>
         <load_address>0x620</load_address>
         <run_address>0x620</run_address>
         <size>0x54</size>
         <input_file_ref idref="fl-ca"/>
      </object_component>
      <object_component id="oc-f2">
         <name>.debug_frame</name>
         <load_address>0x674</load_address>
         <run_address>0x674</run_address>
         <size>0x54</size>
         <input_file_ref idref="fl-cc"/>
      </object_component>
      <object_component id="oc-83">
         <name>.debug_abbrev</name>
         <load_address>0x0</load_address>
         <run_address>0x0</run_address>
         <size>0x7c</size>
         <input_file_ref idref="fl-2"/>
      </object_component>
      <object_component id="oc-33">
         <name>.debug_abbrev</name>
         <load_address>0x7c</load_address>
         <run_address>0x7c</run_address>
         <size>0x29</size>
         <input_file_ref idref="fl-2"/>
      </object_component>
      <object_component id="oc-73">
         <name>.debug_abbrev</name>
         <load_address>0xa5</load_address>
         <run_address>0xa5</run_address>
         <size>0x79</size>
         <input_file_ref idref="fl-2"/>
      </object_component>
      <object_component id="oc-87">
         <name>.debug_abbrev</name>
         <load_address>0x11e</load_address>
         <run_address>0x11e</run_address>
         <size>0x69</size>
         <input_file_ref idref="fl-2"/>
      </object_component>
      <object_component id="oc-3e">
         <name>.debug_abbrev</name>
         <load_address>0x187</load_address>
         <run_address>0x187</run_address>
         <size>0x1f</size>
         <input_file_ref idref="fl-2"/>
      </object_component>
      <object_component id="oc-c9">
         <name>.debug_abbrev</name>
         <load_address>0x1a6</load_address>
         <run_address>0x1a6</run_address>
         <size>0x5c</size>
         <input_file_ref idref="fl-2"/>
      </object_component>
      <object_component id="oc-8c">
         <name>.debug_abbrev</name>
         <load_address>0x202</load_address>
         <run_address>0x202</run_address>
         <size>0x24</size>
         <input_file_ref idref="fl-2"/>
      </object_component>
      <object_component id="oc-12e">
         <name>.debug_abbrev</name>
         <load_address>0x226</load_address>
         <run_address>0x226</run_address>
         <size>0x50</size>
         <input_file_ref idref="fl-3"/>
      </object_component>
      <object_component id="oc-c3">
         <name>.debug_abbrev</name>
         <load_address>0x276</load_address>
         <run_address>0x276</run_address>
         <size>0x86</size>
         <input_file_ref idref="fl-5"/>
      </object_component>
      <object_component id="oc-ef">
         <name>.debug_abbrev</name>
         <load_address>0x2fc</load_address>
         <run_address>0x2fc</run_address>
         <size>0xa9</size>
         <input_file_ref idref="fl-5"/>
      </object_component>
      <object_component id="oc-130">
         <name>.debug_abbrev</name>
         <load_address>0x3a5</load_address>
         <run_address>0x3a5</run_address>
         <size>0x9b</size>
         <input_file_ref idref="fl-6"/>
      </object_component>
      <object_component id="oc-c5">
         <name>.debug_abbrev</name>
         <load_address>0x440</load_address>
         <run_address>0x440</run_address>
         <size>0x5a</size>
         <input_file_ref idref="fl-7"/>
      </object_component>
      <object_component id="oc-82">
         <name>.debug_abbrev</name>
         <load_address>0x49a</load_address>
         <run_address>0x49a</run_address>
         <size>0x5e</size>
         <input_file_ref idref="fl-7"/>
      </object_component>
      <object_component id="oc-131">
         <name>.debug_abbrev</name>
         <load_address>0x4f8</load_address>
         <run_address>0x4f8</run_address>
         <size>0x7a</size>
         <input_file_ref idref="fl-8"/>
      </object_component>
      <object_component id="oc-c2">
         <name>.debug_abbrev</name>
         <load_address>0x572</load_address>
         <run_address>0x572</run_address>
         <size>0x6c</size>
         <input_file_ref idref="fl-9"/>
      </object_component>
      <object_component id="oc-d8">
         <name>.debug_abbrev</name>
         <load_address>0x5de</load_address>
         <run_address>0x5de</run_address>
         <size>0x5d</size>
         <input_file_ref idref="fl-c3"/>
      </object_component>
      <object_component id="oc-9d">
         <name>.debug_abbrev</name>
         <load_address>0x63b</load_address>
         <run_address>0x63b</run_address>
         <size>0x6f</size>
         <input_file_ref idref="fl-c3"/>
      </object_component>
      <object_component id="oc-a0">
         <name>.debug_abbrev</name>
         <load_address>0x6aa</load_address>
         <run_address>0x6aa</run_address>
         <size>0x24</size>
         <input_file_ref idref="fl-c3"/>
      </object_component>
      <object_component id="oc-d5">
         <name>.debug_abbrev</name>
         <load_address>0x6ce</load_address>
         <run_address>0x6ce</run_address>
         <size>0x24</size>
         <input_file_ref idref="fl-c3"/>
      </object_component>
      <object_component id="oc-9b">
         <name>.debug_abbrev</name>
         <load_address>0x6f2</load_address>
         <run_address>0x6f2</run_address>
         <size>0x37</size>
         <input_file_ref idref="fl-c4"/>
      </object_component>
      <object_component id="oc-46">
         <name>.debug_abbrev</name>
         <load_address>0x729</load_address>
         <run_address>0x729</run_address>
         <size>0x74</size>
         <input_file_ref idref="fl-c4"/>
      </object_component>
      <object_component id="oc-49">
         <name>.debug_abbrev</name>
         <load_address>0x79d</load_address>
         <run_address>0x79d</run_address>
         <size>0x24</size>
         <input_file_ref idref="fl-c4"/>
      </object_component>
      <object_component id="oc-98">
         <name>.debug_abbrev</name>
         <load_address>0x7c1</load_address>
         <run_address>0x7c1</run_address>
         <size>0x24</size>
         <input_file_ref idref="fl-c4"/>
      </object_component>
      <object_component id="oc-d1">
         <name>.debug_abbrev</name>
         <load_address>0x7e5</load_address>
         <run_address>0x7e5</run_address>
         <size>0x37</size>
         <input_file_ref idref="fl-c5"/>
      </object_component>
      <object_component id="oc-36">
         <name>.debug_abbrev</name>
         <load_address>0x81c</load_address>
         <run_address>0x81c</run_address>
         <size>0x6f</size>
         <input_file_ref idref="fl-c5"/>
      </object_component>
      <object_component id="oc-39">
         <name>.debug_abbrev</name>
         <load_address>0x88b</load_address>
         <run_address>0x88b</run_address>
         <size>0x24</size>
         <input_file_ref idref="fl-c5"/>
      </object_component>
      <object_component id="oc-ce">
         <name>.debug_abbrev</name>
         <load_address>0x8af</load_address>
         <run_address>0x8af</run_address>
         <size>0x35</size>
         <input_file_ref idref="fl-c5"/>
      </object_component>
      <object_component id="oc-91">
         <name>.debug_abbrev</name>
         <load_address>0x8e4</load_address>
         <run_address>0x8e4</run_address>
         <size>0x24</size>
         <input_file_ref idref="fl-c5"/>
      </object_component>
      <object_component id="oc-71">
         <name>.debug_abbrev</name>
         <load_address>0x908</load_address>
         <run_address>0x908</run_address>
         <size>0x29</size>
         <input_file_ref idref="fl-c6"/>
      </object_component>
      <object_component id="oc-b9">
         <name>.debug_abbrev</name>
         <load_address>0x931</load_address>
         <run_address>0x931</run_address>
         <size>0x55</size>
         <input_file_ref idref="fl-c6"/>
      </object_component>
      <object_component id="oc-95">
         <name>.debug_abbrev</name>
         <load_address>0x986</load_address>
         <run_address>0x986</run_address>
         <size>0x3e</size>
         <input_file_ref idref="fl-c7"/>
      </object_component>
      <object_component id="oc-160">
         <name>.debug_abbrev</name>
         <load_address>0x9c4</load_address>
         <run_address>0x9c4</run_address>
         <size>0xc0</size>
         <input_file_ref idref="fl-c9"/>
      </object_component>
      <object_component id="oc-13c">
         <name>.debug_abbrev</name>
         <load_address>0xa84</load_address>
         <run_address>0xa84</run_address>
         <size>0x7e</size>
         <input_file_ref idref="fl-c9"/>
      </object_component>
      <object_component id="oc-164">
         <name>.debug_abbrev</name>
         <load_address>0xb02</load_address>
         <run_address>0xb02</run_address>
         <size>0x24</size>
         <input_file_ref idref="fl-c9"/>
      </object_component>
      <object_component id="oc-178">
         <name>.debug_abbrev</name>
         <load_address>0xb26</load_address>
         <run_address>0xb26</run_address>
         <size>0x24</size>
         <input_file_ref idref="fl-c9"/>
      </object_component>
      <object_component id="oc-169">
         <name>.debug_abbrev</name>
         <load_address>0xb4a</load_address>
         <run_address>0xb4a</run_address>
         <size>0x24</size>
         <input_file_ref idref="fl-c9"/>
      </object_component>
      <object_component id="oc-16e">
         <name>.debug_abbrev</name>
         <load_address>0xb6e</load_address>
         <run_address>0xb6e</run_address>
         <size>0x4b</size>
         <input_file_ref idref="fl-c9"/>
      </object_component>
      <object_component id="oc-db">
         <name>.debug_abbrev</name>
         <load_address>0xbb9</load_address>
         <run_address>0xbb9</run_address>
         <size>0x55</size>
         <input_file_ref idref="fl-ca"/>
      </object_component>
      <object_component id="oc-132">
         <name>.debug_abbrev</name>
         <load_address>0xc0e</load_address>
         <run_address>0xc0e</run_address>
         <size>0x45</size>
         <input_file_ref idref="fl-cc"/>
      </object_component>
      <object_component id="oc-1b2">
         <name>.debug_abbrev</name>
         <load_address>0xc53</load_address>
         <run_address>0xc53</run_address>
         <size>0xf</size>
      </object_component>
      <object_component id="oc-89">
         <name>.debug_str</name>
         <load_address>0x0</load_address>
         <run_address>0x0</run_address>
         <size>0x2c4</size>
         <input_file_ref idref="fl-2"/>
      </object_component>
      <object_component id="oc-40">
         <name>.debug_str</name>
         <load_address>0x2c4</load_address>
         <run_address>0x2c4</run_address>
         <size>0xfd</size>
         <input_file_ref idref="fl-2"/>
      </object_component>
      <object_component id="oc-cb">
         <name>.debug_str</name>
         <load_address>0x3c1</load_address>
         <run_address>0x3c1</run_address>
         <size>0x35a</size>
         <input_file_ref idref="fl-2"/>
      </object_component>
      <object_component id="oc-8e">
         <name>.debug_str</name>
         <load_address>0x71b</load_address>
         <run_address>0x71b</run_address>
         <size>0x15c</size>
         <input_file_ref idref="fl-2"/>
      </object_component>
      <object_component id="oc-a2">
         <name>.debug_str</name>
         <load_address>0x877</load_address>
         <run_address>0x877</run_address>
         <size>0x105</size>
         <input_file_ref idref="fl-c3"/>
      </object_component>
      <object_component id="oc-d7">
         <name>.debug_str</name>
         <load_address>0x97c</load_address>
         <run_address>0x97c</run_address>
         <size>0x140</size>
         <input_file_ref idref="fl-c3"/>
      </object_component>
      <object_component id="oc-4b">
         <name>.debug_str</name>
         <load_address>0xabc</load_address>
         <run_address>0xabc</run_address>
         <size>0x10b</size>
         <input_file_ref idref="fl-c4"/>
      </object_component>
      <object_component id="oc-9a">
         <name>.debug_str</name>
         <load_address>0xbc7</load_address>
         <run_address>0xbc7</run_address>
         <size>0x140</size>
         <input_file_ref idref="fl-c4"/>
      </object_component>
      <object_component id="oc-3b">
         <name>.debug_str</name>
         <load_address>0xd07</load_address>
         <run_address>0xd07</run_address>
         <size>0x118</size>
         <input_file_ref idref="fl-c5"/>
      </object_component>
      <object_component id="oc-d0">
         <name>.debug_str</name>
         <load_address>0xe1f</load_address>
         <run_address>0xe1f</run_address>
         <size>0x16b</size>
         <input_file_ref idref="fl-c5"/>
      </object_component>
      <object_component id="oc-93">
         <name>.debug_str</name>
         <load_address>0xf8a</load_address>
         <run_address>0xf8a</run_address>
         <size>0x158</size>
         <input_file_ref idref="fl-c5"/>
      </object_component>
      <object_component id="oc-166">
         <name>.debug_str</name>
         <load_address>0x10e2</load_address>
         <run_address>0x10e2</run_address>
         <size>0xed</size>
         <input_file_ref idref="fl-c9"/>
      </object_component>
      <object_component id="oc-17a">
         <name>.debug_str</name>
         <load_address>0x11cf</load_address>
         <run_address>0x11cf</run_address>
         <size>0x157</size>
         <input_file_ref idref="fl-c9"/>
      </object_component>
      <object_component id="oc-16b">
         <name>.debug_str</name>
         <load_address>0x1326</load_address>
         <run_address>0x1326</run_address>
         <size>0x150</size>
         <input_file_ref idref="fl-c9"/>
      </object_component>
      <object_component id="oc-170">
         <name>.debug_str</name>
         <load_address>0x1476</load_address>
         <run_address>0x1476</run_address>
         <size>0x197</size>
         <input_file_ref idref="fl-c9"/>
      </object_component>
      <object_component id="oc-29">
         <name>.debug_aranges</name>
         <load_address>0x0</load_address>
         <run_address>0x0</run_address>
         <size>0x38</size>
         <input_file_ref idref="fl-2"/>
      </object_component>
      <object_component id="oc-de">
         <name>.debug_aranges</name>
         <load_address>0x38</load_address>
         <run_address>0x38</run_address>
         <size>0x20</size>
         <input_file_ref idref="fl-3"/>
      </object_component>
      <object_component id="oc-b2">
         <name>.debug_aranges</name>
         <load_address>0x58</load_address>
         <run_address>0x58</run_address>
         <size>0x38</size>
         <input_file_ref idref="fl-5"/>
      </object_component>
      <object_component id="oc-e4">
         <name>.debug_aranges</name>
         <load_address>0x90</load_address>
         <run_address>0x90</run_address>
         <size>0x30</size>
         <input_file_ref idref="fl-6"/>
      </object_component>
      <object_component id="oc-2e">
         <name>.debug_aranges</name>
         <load_address>0xc0</load_address>
         <run_address>0xc0</run_address>
         <size>0x40</size>
         <input_file_ref idref="fl-7"/>
      </object_component>
      <object_component id="oc-ea">
         <name>.debug_aranges</name>
         <load_address>0x100</load_address>
         <run_address>0x100</run_address>
         <size>0x78</size>
         <input_file_ref idref="fl-8"/>
      </object_component>
      <object_component id="oc-77">
         <name>.debug_aranges</name>
         <load_address>0x178</load_address>
         <run_address>0x178</run_address>
         <size>0x20</size>
         <input_file_ref idref="fl-9"/>
      </object_component>
      <object_component id="oc-4f">
         <name>.debug_aranges</name>
         <load_address>0x198</load_address>
         <run_address>0x198</run_address>
         <size>0x20</size>
         <input_file_ref idref="fl-c3"/>
      </object_component>
      <object_component id="oc-1c">
         <name>.debug_aranges</name>
         <load_address>0x1b8</load_address>
         <run_address>0x1b8</run_address>
         <size>0x20</size>
         <input_file_ref idref="fl-c4"/>
      </object_component>
      <object_component id="oc-18">
         <name>.debug_aranges</name>
         <load_address>0x1d8</load_address>
         <run_address>0x1d8</run_address>
         <size>0x20</size>
         <input_file_ref idref="fl-c5"/>
      </object_component>
      <object_component id="oc-60">
         <name>.debug_aranges</name>
         <load_address>0x1f8</load_address>
         <run_address>0x1f8</run_address>
         <size>0x20</size>
         <input_file_ref idref="fl-c6"/>
      </object_component>
      <object_component id="oc-43">
         <name>.debug_aranges</name>
         <load_address>0x218</load_address>
         <run_address>0x218</run_address>
         <size>0x20</size>
         <input_file_ref idref="fl-c7"/>
      </object_component>
      <object_component id="oc-ff">
         <name>.debug_aranges</name>
         <load_address>0x238</load_address>
         <run_address>0x238</run_address>
         <size>0x20</size>
         <input_file_ref idref="fl-c9"/>
      </object_component>
      <object_component id="oc-ab">
         <name>.debug_aranges</name>
         <load_address>0x258</load_address>
         <run_address>0x258</run_address>
         <size>0x20</size>
         <input_file_ref idref="fl-ca"/>
      </object_component>
      <object_component id="oc-f4">
         <name>.debug_aranges</name>
         <load_address>0x278</load_address>
         <run_address>0x278</run_address>
         <size>0x20</size>
         <input_file_ref idref="fl-cc"/>
      </object_component>
      <object_component id="oc-14">
         <name>.debug_pubnames</name>
         <load_address>0x0</load_address>
         <run_address>0x0</run_address>
         <size>0x23</size>
         <input_file_ref idref="fl-2"/>
      </object_component>
      <object_component id="oc-2a">
         <name>.debug_pubnames</name>
         <load_address>0x23</load_address>
         <run_address>0x23</run_address>
         <size>0x4c</size>
         <input_file_ref idref="fl-2"/>
      </object_component>
      <object_component id="oc-e1">
         <name>.debug_pubnames</name>
         <load_address>0x6f</load_address>
         <run_address>0x6f</run_address>
         <size>0x2d</size>
         <input_file_ref idref="fl-3"/>
      </object_component>
      <object_component id="oc-7c">
         <name>.debug_pubnames</name>
         <load_address>0x9c</load_address>
         <run_address>0x9c</run_address>
         <size>0x42</size>
         <input_file_ref idref="fl-5"/>
      </object_component>
      <object_component id="oc-b3">
         <name>.debug_pubnames</name>
         <load_address>0xde</load_address>
         <run_address>0xde</run_address>
         <size>0x3b</size>
         <input_file_ref idref="fl-5"/>
      </object_component>
      <object_component id="oc-e7">
         <name>.debug_pubnames</name>
         <load_address>0x119</load_address>
         <run_address>0x119</run_address>
         <size>0x4c</size>
         <input_file_ref idref="fl-6"/>
      </object_component>
      <object_component id="oc-7e">
         <name>.debug_pubnames</name>
         <load_address>0x165</load_address>
         <run_address>0x165</run_address>
         <size>0x42</size>
         <input_file_ref idref="fl-7"/>
      </object_component>
      <object_component id="oc-30">
         <name>.debug_pubnames</name>
         <load_address>0x1a7</load_address>
         <run_address>0x1a7</run_address>
         <size>0x58</size>
         <input_file_ref idref="fl-7"/>
      </object_component>
      <object_component id="oc-ec">
         <name>.debug_pubnames</name>
         <load_address>0x1ff</load_address>
         <run_address>0x1ff</run_address>
         <size>0xc3</size>
         <input_file_ref idref="fl-8"/>
      </object_component>
      <object_component id="oc-76">
         <name>.debug_pubnames</name>
         <load_address>0x2c2</load_address>
         <run_address>0x2c2</run_address>
         <size>0x26</size>
         <input_file_ref idref="fl-9"/>
      </object_component>
      <object_component id="oc-51">
         <name>.debug_pubnames</name>
         <load_address>0x2e8</load_address>
         <run_address>0x2e8</run_address>
         <size>0x2e</size>
         <input_file_ref idref="fl-c3"/>
      </object_component>
      <object_component id="oc-1f">
         <name>.debug_pubnames</name>
         <load_address>0x316</load_address>
         <run_address>0x316</run_address>
         <size>0x2b</size>
         <input_file_ref idref="fl-c4"/>
      </object_component>
      <object_component id="oc-17">
         <name>.debug_pubnames</name>
         <load_address>0x341</load_address>
         <run_address>0x341</run_address>
         <size>0x2b</size>
         <input_file_ref idref="fl-c5"/>
      </object_component>
      <object_component id="oc-26">
         <name>.debug_pubnames</name>
         <load_address>0x36c</load_address>
         <run_address>0x36c</run_address>
         <size>0x1e</size>
         <input_file_ref idref="fl-c6"/>
      </object_component>
      <object_component id="oc-63">
         <name>.debug_pubnames</name>
         <load_address>0x38a</load_address>
         <run_address>0x38a</run_address>
         <size>0x26</size>
         <input_file_ref idref="fl-c6"/>
      </object_component>
      <object_component id="oc-45">
         <name>.debug_pubnames</name>
         <load_address>0x3b0</load_address>
         <run_address>0x3b0</run_address>
         <size>0x1d</size>
         <input_file_ref idref="fl-c7"/>
      </object_component>
      <object_component id="oc-100">
         <name>.debug_pubnames</name>
         <load_address>0x3cd</load_address>
         <run_address>0x3cd</run_address>
         <size>0x35</size>
         <input_file_ref idref="fl-c9"/>
      </object_component>
      <object_component id="oc-ae">
         <name>.debug_pubnames</name>
         <load_address>0x402</load_address>
         <run_address>0x402</run_address>
         <size>0x27</size>
         <input_file_ref idref="fl-ca"/>
      </object_component>
      <object_component id="oc-f5">
         <name>.debug_pubnames</name>
         <load_address>0x429</load_address>
         <run_address>0x429</run_address>
         <size>0x1c</size>
         <input_file_ref idref="fl-cc"/>
      </object_component>
      <object_component id="oc-86">
         <name>.debug_pubtypes</name>
         <load_address>0x0</load_address>
         <run_address>0x0</run_address>
         <size>0x25c</size>
         <input_file_ref idref="fl-2"/>
      </object_component>
      <object_component id="oc-3d">
         <name>.debug_pubtypes</name>
         <load_address>0x25c</load_address>
         <run_address>0x25c</run_address>
         <size>0xed</size>
         <input_file_ref idref="fl-2"/>
      </object_component>
      <object_component id="oc-c8">
         <name>.debug_pubtypes</name>
         <load_address>0x349</load_address>
         <run_address>0x349</run_address>
         <size>0x330</size>
         <input_file_ref idref="fl-2"/>
      </object_component>
      <object_component id="oc-8b">
         <name>.debug_pubtypes</name>
         <load_address>0x679</load_address>
         <run_address>0x679</run_address>
         <size>0xaa</size>
         <input_file_ref idref="fl-2"/>
      </object_component>
      <object_component id="oc-9f">
         <name>.debug_pubtypes</name>
         <load_address>0x723</load_address>
         <run_address>0x723</run_address>
         <size>0x48</size>
         <input_file_ref idref="fl-c3"/>
      </object_component>
      <object_component id="oc-d4">
         <name>.debug_pubtypes</name>
         <load_address>0x76b</load_address>
         <run_address>0x76b</run_address>
         <size>0x1d</size>
         <input_file_ref idref="fl-c3"/>
      </object_component>
      <object_component id="oc-48">
         <name>.debug_pubtypes</name>
         <load_address>0x788</load_address>
         <run_address>0x788</run_address>
         <size>0x48</size>
         <input_file_ref idref="fl-c4"/>
      </object_component>
      <object_component id="oc-97">
         <name>.debug_pubtypes</name>
         <load_address>0x7d0</load_address>
         <run_address>0x7d0</run_address>
         <size>0x1d</size>
         <input_file_ref idref="fl-c4"/>
      </object_component>
      <object_component id="oc-38">
         <name>.debug_pubtypes</name>
         <load_address>0x7ed</load_address>
         <run_address>0x7ed</run_address>
         <size>0x5d</size>
         <input_file_ref idref="fl-c5"/>
      </object_component>
      <object_component id="oc-cd">
         <name>.debug_pubtypes</name>
         <load_address>0x84a</load_address>
         <run_address>0x84a</run_address>
         <size>0x48</size>
         <input_file_ref idref="fl-c5"/>
      </object_component>
      <object_component id="oc-90">
         <name>.debug_pubtypes</name>
         <load_address>0x892</load_address>
         <run_address>0x892</run_address>
         <size>0x35</size>
         <input_file_ref idref="fl-c5"/>
      </object_component>
      <object_component id="oc-163">
         <name>.debug_pubtypes</name>
         <load_address>0x8c7</load_address>
         <run_address>0x8c7</run_address>
         <size>0x32</size>
         <input_file_ref idref="fl-c9"/>
      </object_component>
      <object_component id="oc-177">
         <name>.debug_pubtypes</name>
         <load_address>0x8f9</load_address>
         <run_address>0x8f9</run_address>
         <size>0x30</size>
         <input_file_ref idref="fl-c9"/>
      </object_component>
      <object_component id="oc-168">
         <name>.debug_pubtypes</name>
         <load_address>0x929</load_address>
         <run_address>0x929</run_address>
         <size>0x2c</size>
         <input_file_ref idref="fl-c9"/>
      </object_component>
      <object_component id="oc-16d">
         <name>.debug_pubtypes</name>
         <load_address>0x955</load_address>
         <run_address>0x955</run_address>
         <size>0x50</size>
         <input_file_ref idref="fl-c9"/>
      </object_component>
   </object_component_list>
   <logical_group_list>
      <logical_group id="lg-3" display="no" color="cyan">
         <name>.intvecs</name>
         <load_address>0x0</load_address>
         <run_address>0x0</run_address>
         <size>0x26c</size>
         <contents>
            <object_component_ref idref="oc-12"/>
         </contents>
      </logical_group>
      <logical_group id="lg-4" display="no" color="cyan">
         <name>.text</name>
         <load_address>0x26c</load_address>
         <run_address>0x26c</run_address>
         <size>0xa4e</size>
         <contents>
            <object_component_ref idref="oc-2d"/>
            <object_component_ref idref="oc-e8"/>
            <object_component_ref idref="oc-e2"/>
            <object_component_ref idref="oc-b0"/>
            <object_component_ref idref="oc-41"/>
            <object_component_ref idref="oc-15"/>
            <object_component_ref idref="oc-fc"/>
            <object_component_ref idref="oc-5f"/>
            <object_component_ref idref="oc-74"/>
            <object_component_ref idref="oc-4d"/>
            <object_component_ref idref="oc-dc"/>
            <object_component_ref idref="oc-1b"/>
            <object_component_ref idref="oc-27"/>
            <object_component_ref idref="oc-aa"/>
            <object_component_ref idref="oc-f0"/>
         </contents>
      </logical_group>
      <logical_group id="lg-5" display="no" color="cyan">
         <name>.const</name>
         <run_address>0x0</run_address>
         <size>0x0</size>
         <contents>
         </contents>
      </logical_group>
      <logical_group id="lg-6" display="no" color="cyan">
         <name>.cinit</name>
         <load_address>0xcc0</load_address>
         <run_address>0xcc0</run_address>
         <size>0x30</size>
         <contents>
            <object_component_ref idref="oc-1ab"/>
            <object_component_ref idref="oc-1ae"/>
            <object_component_ref idref="oc-1ad"/>
            <object_component_ref idref="oc-1ac"/>
         </contents>
      </logical_group>
      <logical_group id="lg-7" display="no" color="cyan">
         <name>.pinit</name>
         <run_address>0x0</run_address>
         <size>0x0</size>
         <contents>
         </contents>
      </logical_group>
      <logical_group id="lg-8" display="no" color="cyan">
         <name>.init_array</name>
         <run_address>0x0</run_address>
         <size>0x0</size>
         <contents>
         </contents>
      </logical_group>
      <logical_group id="lg-9" display="no" color="cyan">
         <name>.vtable</name>
         <run_address>0x0</run_address>
         <size>0x0</size>
         <contents>
         </contents>
      </logical_group>
      <logical_group id="lg-a" display="no" color="cyan">
         <name>.data</name>
         <run_address>0x20000212</run_address>
         <size>0x2</size>
         <contents>
            <object_component_ref idref="oc-ee"/>
         </contents>
      </logical_group>
      <logical_group id="lg-b" display="no" color="cyan">
         <name>.bss</name>
         <run_address>0x20000200</run_address>
         <size>0x12</size>
         <contents>
            <object_component_ref idref="oc-12f"/>
            <object_component_ref idref="oc-7a"/>
            <object_component_ref idref="oc-7f"/>
            <object_component_ref idref="oc-80"/>
            <object_component_ref idref="oc-81"/>
         </contents>
      </logical_group>
      <logical_group id="lg-c" display="no" color="cyan">
         <name>.sysmem</name>
         <run_address>0x0</run_address>
         <size>0x0</size>
         <contents>
         </contents>
      </logical_group>
      <logical_group id="lg-d" display="no" color="cyan">
         <name>.stack</name>
         <run_address>0x20000000</run_address>
         <size>0x200</size>
         <contents>
            <object_component_ref idref="oc-24"/>
            <object_component_ref idref="oc-1b0"/>
         </contents>
      </logical_group>
      <logical_group id="lg-182" display="no" color="cyan">
         <name>.TI.noinit</name>
         <run_address>0x0</run_address>
         <size>0x0</size>
         <contents>
         </contents>
      </logical_group>
      <logical_group id="lg-183" display="no" color="cyan">
         <name>.TI.persistent</name>
         <run_address>0x0</run_address>
         <size>0x0</size>
         <contents>
         </contents>
      </logical_group>
      <logical_group id="lg-184" display="no" color="cyan">
         <name>__llvm_prf_cnts</name>
         <run_address>0x20000000</run_address>
         <size>0x0</size>
         <contents>
         </contents>
      </logical_group>
      <logical_group id="lg-193" display="never" color="cyan">
         <name>.debug_info</name>
         <load_address>0x0</load_address>
         <run_address>0x0</run_address>
         <size>0x4872</size>
         <contents>
            <object_component_ref idref="oc-35"/>
            <object_component_ref idref="oc-13"/>
            <object_component_ref idref="oc-28"/>
            <object_component_ref idref="oc-85"/>
            <object_component_ref idref="oc-3c"/>
            <object_component_ref idref="oc-c7"/>
            <object_component_ref idref="oc-8a"/>
            <object_component_ref idref="oc-e0"/>
            <object_component_ref idref="oc-7b"/>
            <object_component_ref idref="oc-b1"/>
            <object_component_ref idref="oc-e6"/>
            <object_component_ref idref="oc-7d"/>
            <object_component_ref idref="oc-2f"/>
            <object_component_ref idref="oc-eb"/>
            <object_component_ref idref="oc-75"/>
            <object_component_ref idref="oc-a3"/>
            <object_component_ref idref="oc-50"/>
            <object_component_ref idref="oc-9e"/>
            <object_component_ref idref="oc-d3"/>
            <object_component_ref idref="oc-4c"/>
            <object_component_ref idref="oc-1e"/>
            <object_component_ref idref="oc-47"/>
            <object_component_ref idref="oc-96"/>
            <object_component_ref idref="oc-94"/>
            <object_component_ref idref="oc-16"/>
            <object_component_ref idref="oc-37"/>
            <object_component_ref idref="oc-cc"/>
            <object_component_ref idref="oc-8f"/>
            <object_component_ref idref="oc-25"/>
            <object_component_ref idref="oc-62"/>
            <object_component_ref idref="oc-44"/>
            <object_component_ref idref="oc-13d"/>
            <object_component_ref idref="oc-fe"/>
            <object_component_ref idref="oc-162"/>
            <object_component_ref idref="oc-176"/>
            <object_component_ref idref="oc-167"/>
            <object_component_ref idref="oc-16c"/>
            <object_component_ref idref="oc-ad"/>
            <object_component_ref idref="oc-f3"/>
            <object_component_ref idref="oc-1b1"/>
         </contents>
      </logical_group>
      <logical_group id="lg-195" display="never" color="cyan">
         <name>.debug_line</name>
         <load_address>0x0</load_address>
         <run_address>0x0</run_address>
         <size>0x1245</size>
         <contents>
            <object_component_ref idref="oc-84"/>
            <object_component_ref idref="oc-34"/>
            <object_component_ref idref="oc-2c"/>
            <object_component_ref idref="oc-88"/>
            <object_component_ref idref="oc-3f"/>
            <object_component_ref idref="oc-ca"/>
            <object_component_ref idref="oc-8d"/>
            <object_component_ref idref="oc-dd"/>
            <object_component_ref idref="oc-c4"/>
            <object_component_ref idref="oc-b4"/>
            <object_component_ref idref="oc-e3"/>
            <object_component_ref idref="oc-c6"/>
            <object_component_ref idref="oc-32"/>
            <object_component_ref idref="oc-e9"/>
            <object_component_ref idref="oc-78"/>
            <object_component_ref idref="oc-d9"/>
            <object_component_ref idref="oc-4e"/>
            <object_component_ref idref="oc-a1"/>
            <object_component_ref idref="oc-d6"/>
            <object_component_ref idref="oc-9c"/>
            <object_component_ref idref="oc-20"/>
            <object_component_ref idref="oc-4a"/>
            <object_component_ref idref="oc-99"/>
            <object_component_ref idref="oc-d2"/>
            <object_component_ref idref="oc-1a"/>
            <object_component_ref idref="oc-3a"/>
            <object_component_ref idref="oc-cf"/>
            <object_component_ref idref="oc-92"/>
            <object_component_ref idref="oc-72"/>
            <object_component_ref idref="oc-64"/>
            <object_component_ref idref="oc-42"/>
            <object_component_ref idref="oc-161"/>
            <object_component_ref idref="oc-fd"/>
            <object_component_ref idref="oc-165"/>
            <object_component_ref idref="oc-179"/>
            <object_component_ref idref="oc-16a"/>
            <object_component_ref idref="oc-16f"/>
            <object_component_ref idref="oc-af"/>
            <object_component_ref idref="oc-f1"/>
         </contents>
      </logical_group>
      <logical_group id="lg-197" display="never" color="cyan">
         <name>.debug_frame</name>
         <load_address>0x0</load_address>
         <run_address>0x0</run_address>
         <size>0x6c8</size>
         <contents>
            <object_component_ref idref="oc-2b"/>
            <object_component_ref idref="oc-df"/>
            <object_component_ref idref="oc-b5"/>
            <object_component_ref idref="oc-e5"/>
            <object_component_ref idref="oc-31"/>
            <object_component_ref idref="oc-ed"/>
            <object_component_ref idref="oc-79"/>
            <object_component_ref idref="oc-52"/>
            <object_component_ref idref="oc-1d"/>
            <object_component_ref idref="oc-19"/>
            <object_component_ref idref="oc-61"/>
            <object_component_ref idref="oc-101"/>
            <object_component_ref idref="oc-ac"/>
            <object_component_ref idref="oc-f2"/>
         </contents>
      </logical_group>
      <logical_group id="lg-199" display="never" color="cyan">
         <name>.debug_abbrev</name>
         <load_address>0x0</load_address>
         <run_address>0x0</run_address>
         <size>0xc62</size>
         <contents>
            <object_component_ref idref="oc-83"/>
            <object_component_ref idref="oc-33"/>
            <object_component_ref idref="oc-73"/>
            <object_component_ref idref="oc-87"/>
            <object_component_ref idref="oc-3e"/>
            <object_component_ref idref="oc-c9"/>
            <object_component_ref idref="oc-8c"/>
            <object_component_ref idref="oc-12e"/>
            <object_component_ref idref="oc-c3"/>
            <object_component_ref idref="oc-ef"/>
            <object_component_ref idref="oc-130"/>
            <object_component_ref idref="oc-c5"/>
            <object_component_ref idref="oc-82"/>
            <object_component_ref idref="oc-131"/>
            <object_component_ref idref="oc-c2"/>
            <object_component_ref idref="oc-d8"/>
            <object_component_ref idref="oc-9d"/>
            <object_component_ref idref="oc-a0"/>
            <object_component_ref idref="oc-d5"/>
            <object_component_ref idref="oc-9b"/>
            <object_component_ref idref="oc-46"/>
            <object_component_ref idref="oc-49"/>
            <object_component_ref idref="oc-98"/>
            <object_component_ref idref="oc-d1"/>
            <object_component_ref idref="oc-36"/>
            <object_component_ref idref="oc-39"/>
            <object_component_ref idref="oc-ce"/>
            <object_component_ref idref="oc-91"/>
            <object_component_ref idref="oc-71"/>
            <object_component_ref idref="oc-b9"/>
            <object_component_ref idref="oc-95"/>
            <object_component_ref idref="oc-160"/>
            <object_component_ref idref="oc-13c"/>
            <object_component_ref idref="oc-164"/>
            <object_component_ref idref="oc-178"/>
            <object_component_ref idref="oc-169"/>
            <object_component_ref idref="oc-16e"/>
            <object_component_ref idref="oc-db"/>
            <object_component_ref idref="oc-132"/>
            <object_component_ref idref="oc-1b2"/>
         </contents>
      </logical_group>
      <logical_group id="lg-19b" display="never" color="cyan">
         <name>.debug_str</name>
         <load_address>0x0</load_address>
         <run_address>0x0</run_address>
         <size>0x160d</size>
         <contents>
            <object_component_ref idref="oc-89"/>
            <object_component_ref idref="oc-40"/>
            <object_component_ref idref="oc-cb"/>
            <object_component_ref idref="oc-8e"/>
            <object_component_ref idref="oc-a2"/>
            <object_component_ref idref="oc-d7"/>
            <object_component_ref idref="oc-4b"/>
            <object_component_ref idref="oc-9a"/>
            <object_component_ref idref="oc-3b"/>
            <object_component_ref idref="oc-d0"/>
            <object_component_ref idref="oc-93"/>
            <object_component_ref idref="oc-166"/>
            <object_component_ref idref="oc-17a"/>
            <object_component_ref idref="oc-16b"/>
            <object_component_ref idref="oc-170"/>
         </contents>
      </logical_group>
      <logical_group id="lg-19d" display="never" color="cyan">
         <name>.debug_aranges</name>
         <load_address>0x0</load_address>
         <run_address>0x0</run_address>
         <size>0x298</size>
         <contents>
            <object_component_ref idref="oc-29"/>
            <object_component_ref idref="oc-de"/>
            <object_component_ref idref="oc-b2"/>
            <object_component_ref idref="oc-e4"/>
            <object_component_ref idref="oc-2e"/>
            <object_component_ref idref="oc-ea"/>
            <object_component_ref idref="oc-77"/>
            <object_component_ref idref="oc-4f"/>
            <object_component_ref idref="oc-1c"/>
            <object_component_ref idref="oc-18"/>
            <object_component_ref idref="oc-60"/>
            <object_component_ref idref="oc-43"/>
            <object_component_ref idref="oc-ff"/>
            <object_component_ref idref="oc-ab"/>
            <object_component_ref idref="oc-f4"/>
         </contents>
      </logical_group>
      <logical_group id="lg-19f" display="never" color="cyan">
         <name>.debug_pubnames</name>
         <load_address>0x0</load_address>
         <run_address>0x0</run_address>
         <size>0x445</size>
         <contents>
            <object_component_ref idref="oc-14"/>
            <object_component_ref idref="oc-2a"/>
            <object_component_ref idref="oc-e1"/>
            <object_component_ref idref="oc-7c"/>
            <object_component_ref idref="oc-b3"/>
            <object_component_ref idref="oc-e7"/>
            <object_component_ref idref="oc-7e"/>
            <object_component_ref idref="oc-30"/>
            <object_component_ref idref="oc-ec"/>
            <object_component_ref idref="oc-76"/>
            <object_component_ref idref="oc-51"/>
            <object_component_ref idref="oc-1f"/>
            <object_component_ref idref="oc-17"/>
            <object_component_ref idref="oc-26"/>
            <object_component_ref idref="oc-63"/>
            <object_component_ref idref="oc-45"/>
            <object_component_ref idref="oc-100"/>
            <object_component_ref idref="oc-ae"/>
            <object_component_ref idref="oc-f5"/>
         </contents>
      </logical_group>
      <logical_group id="lg-1a1" display="never" color="cyan">
         <name>.debug_pubtypes</name>
         <load_address>0x0</load_address>
         <run_address>0x0</run_address>
         <size>0x9a5</size>
         <contents>
            <object_component_ref idref="oc-86"/>
            <object_component_ref idref="oc-3d"/>
            <object_component_ref idref="oc-c8"/>
            <object_component_ref idref="oc-8b"/>
            <object_component_ref idref="oc-9f"/>
            <object_component_ref idref="oc-d4"/>
            <object_component_ref idref="oc-48"/>
            <object_component_ref idref="oc-97"/>
            <object_component_ref idref="oc-38"/>
            <object_component_ref idref="oc-cd"/>
            <object_component_ref idref="oc-90"/>
            <object_component_ref idref="oc-163"/>
            <object_component_ref idref="oc-177"/>
            <object_component_ref idref="oc-168"/>
            <object_component_ref idref="oc-16d"/>
         </contents>
      </logical_group>
      <logical_group id="lg-1af" display="no" color="cyan">
         <name>Veneer$$CMSE</name>
         <run_address>0x0</run_address>
         <size>0x0</size>
         <contents>
         </contents>
      </logical_group>
      <load_segment id="lg-1b5" display="no" color="cyan">
         <name>SEGMENT_0</name>
         <load_address>0x0</load_address>
         <run_address>0x0</run_address>
         <size>0xcf0</size>
         <flags>0x5</flags>
         <contents>
            <logical_group_ref idref="lg-3"/>
            <logical_group_ref idref="lg-4"/>
            <logical_group_ref idref="lg-6"/>
         </contents>
      </load_segment>
      <load_segment id="lg-1b6" display="no" color="cyan">
         <name>SEGMENT_1</name>
         <run_address>0x20000000</run_address>
         <size>0x214</size>
         <flags>0x6</flags>
         <contents>
            <logical_group_ref idref="lg-d"/>
            <logical_group_ref idref="lg-b"/>
            <logical_group_ref idref="lg-a"/>
         </contents>
      </load_segment>
   </logical_group_list>
   <placement_map>
      <memory_area display="yes" color="green">
         <name>FLASH</name>
         <page_id>0x0</page_id>
         <origin>0x0</origin>
         <length>0x40000</length>
         <used_space>0xcea</used_space>
         <unused_space>0x3f316</unused_space>
         <attributes>RX</attributes>
         <usage_details>
            <allocated_space>
               <start_address>0x0</start_address>
               <size>0x26c</size>
               <logical_group_ref idref="lg-3"/>
            </allocated_space>
            <allocated_space>
               <start_address>0x26c</start_address>
               <size>0xa4e</size>
               <logical_group_ref idref="lg-4"/>
            </allocated_space>
            <available_space>
               <start_address>0xcba</start_address>
               <size>0x6</size>
            </available_space>
            <allocated_space>
               <start_address>0xcc0</start_address>
               <size>0x30</size>
               <logical_group_ref idref="lg-6"/>
            </allocated_space>
            <available_space>
               <start_address>0xcf0</start_address>
               <size>0x3f310</size>
            </available_space>
         </usage_details>
      </memory_area>
      <memory_area display="yes" color="green">
         <name>SRAM</name>
         <page_id>0x0</page_id>
         <origin>0x20000000</origin>
         <length>0x8000</length>
         <used_space>0x214</used_space>
         <unused_space>0x7dec</unused_space>
         <attributes>RWX</attributes>
         <usage_details>
            <allocated_space>
               <start_address>0x20000000</start_address>
               <size>0x0</size>
               <logical_group_ref idref="lg-184"/>
            </allocated_space>
            <allocated_space>
               <start_address>0x20000000</start_address>
               <size>0x200</size>
               <logical_group_ref idref="lg-d"/>
            </allocated_space>
            <allocated_space>
               <start_address>0x20000200</start_address>
               <size>0x12</size>
               <logical_group_ref idref="lg-b"/>
            </allocated_space>
            <allocated_space>
               <start_address>0x20000212</start_address>
               <size>0x2</size>
               <logical_group_ref idref="lg-a"/>
            </allocated_space>
            <available_space>
               <start_address>0x20000214</start_address>
               <size>0x7dec</size>
            </available_space>
         </usage_details>
      </memory_area>
   </placement_map>
   <cptbl_list>
      <cptbl>
         <name>__TI_cinit_table</name>
         <cprec>
            <name>.bss</name>
            <load_address>0xcd0</load_address>
            <load_size>0x8</load_size>
            <run_address>0x20000200</run_address>
            <run_size>0x12</run_size>
            <compression>zero_init</compression>
         </cprec>
         <cprec>
            <name>.data</name>
            <load_address>0xcd8</load_address>
            <load_size>0x6</load_size>
            <run_address>0x20000212</run_address>
            <run_size>0x2</run_size>
            <compression>lzss</compression>
         </cprec>
      </cptbl>
   </cptbl_list>
   <handler_table>
      <handler_table_name>__TI_handler_table</handler_table_name>
      <handler>
         <index>0x0</index>
         <name>__TI_decompress_lzss</name>
      </handler>
      <handler>
         <index>0x1</index>
         <name>__TI_decompress_none</name>
      </handler>
      <handler>
         <index>0x2</index>
         <name>__TI_zero_init</name>
      </handler>
   </handler_table>
   <symbol_table>
      <symbol id="sm-1">
         <name>__STACK_TOP</name>
         <value>0x20000200</value>
      </symbol>
      <symbol id="sm-2">
         <name>__start___llvm_prf_cnts</name>
         <value>0x20000000</value>
      </symbol>
      <symbol id="sm-3">
         <name>__stop___llvm_prf_cnts</name>
         <value>0x20000000</value>
      </symbol>
      <symbol id="sm-4">
         <name>__TI_CINIT_Base</name>
         <value>0xce0</value>
      </symbol>
      <symbol id="sm-5">
         <name>__TI_CINIT_Limit</name>
         <value>0xcf0</value>
      </symbol>
      <symbol id="sm-6">
         <name>__TI_Handler_Table_Base</name>
         <value>0xcc0</value>
      </symbol>
      <symbol id="sm-7">
         <name>__TI_Handler_Table_Limit</name>
         <value>0xccc</value>
      </symbol>
      <symbol id="sm-8">
         <name>binit</name>
         <value>0xffffffff</value>
      </symbol>
      <symbol id="sm-9">
         <name>__binit__</name>
         <value>0xffffffff</value>
      </symbol>
      <symbol id="sm-a">
         <name>__STACK_SIZE</name>
         <value>0x200</value>
      </symbol>
      <symbol id="sm-b">
         <name>__STACK_END</name>
         <value>0x20000200</value>
      </symbol>
      <symbol id="sm-c">
         <name>__c_args__</name>
         <value>0xffffffff</value>
      </symbol>
      <symbol id="sm-d">
         <name>__TI_pprof_out_hndl</name>
         <value>0xffffffff</value>
      </symbol>
      <symbol id="sm-e">
         <name>__TI_prof_data_start</name>
         <value>0xffffffff</value>
      </symbol>
      <symbol id="sm-f">
         <name>__TI_prof_data_size</name>
         <value>0xffffffff</value>
      </symbol>
      <symbol id="sm-56">
         <name>ResetISR</name>
         <value>0xca7</value>
         <object_component_ref idref="oc-27"/>
      </symbol>
      <symbol id="sm-57">
         <name>g_pfnVectors</name>
         <value>0x0</value>
         <object_component_ref idref="oc-12"/>
      </symbol>
      <symbol id="sm-64">
         <name>initSystemClockTo40Mhz</name>
         <value>0xc89</value>
         <object_component_ref idref="oc-dc"/>
      </symbol>
      <symbol id="sm-8a">
         <name>step0</name>
         <value>0x20000206</value>
      </symbol>
      <symbol id="sm-8b">
         <name>echoTime0</name>
         <value>0x20000208</value>
      </symbol>
      <symbol id="sm-8c">
         <name>step1</name>
         <value>0x20000210</value>
      </symbol>
      <symbol id="sm-8d">
         <name>echoTime1</name>
         <value>0x2000020c</value>
      </symbol>
      <symbol id="sm-8e">
         <name>initHw</name>
         <value>0x98d</value>
         <object_component_ref idref="oc-b0"/>
      </symbol>
      <symbol id="sm-8f">
         <name>move</name>
         <value>0x9bf</value>
         <object_component_ref idref="oc-b0"/>
      </symbol>
      <symbol id="sm-90">
         <name>main</name>
         <value>0xa9d</value>
         <object_component_ref idref="oc-b0"/>
      </symbol>
      <symbol id="sm-91">
         <name>caution</name>
         <value>0xa01</value>
         <object_component_ref idref="oc-b0"/>
      </symbol>
      <symbol id="sm-b6">
         <name>initSerial</name>
         <value>0x815</value>
         <object_component_ref idref="oc-e2"/>
      </symbol>
      <symbol id="sm-b7">
         <name>setUart3BaudRate</name>
         <value>0x86d</value>
         <object_component_ref idref="oc-e2"/>
      </symbol>
      <symbol id="sm-b8">
         <name>getControlsSerial</name>
         <value>0x8b1</value>
         <object_component_ref idref="oc-e2"/>
      </symbol>
      <symbol id="sm-100">
         <name>trig1_isr</name>
         <value>0x47f</value>
         <object_component_ref idref="oc-2d"/>
      </symbol>
      <symbol id="sm-101">
         <name>trig0_isr</name>
         <value>0x419</value>
         <object_component_ref idref="oc-2d"/>
      </symbol>
      <symbol id="sm-102">
         <name>initSonar</name>
         <value>0x26d</value>
         <object_component_ref idref="oc-2d"/>
      </symbol>
      <symbol id="sm-103">
         <name>echo0_isr</name>
         <value>0x44f</value>
         <object_component_ref idref="oc-2d"/>
      </symbol>
      <symbol id="sm-104">
         <name>echo1_isr</name>
         <value>0x4b5</value>
         <object_component_ref idref="oc-2d"/>
      </symbol>
      <symbol id="sm-137">
         <name>moveStop</name>
         <value>0x799</value>
         <object_component_ref idref="oc-e8"/>
      </symbol>
      <symbol id="sm-138">
         <name>setUart2BaudRate</name>
         <value>0x6bd</value>
         <object_component_ref idref="oc-e8"/>
      </symbol>
      <symbol id="sm-139">
         <name>moveRight</name>
         <value>0x789</value>
         <object_component_ref idref="oc-e8"/>
      </symbol>
      <symbol id="sm-13a">
         <name>moveDown</name>
         <value>0x779</value>
         <object_component_ref idref="oc-e8"/>
      </symbol>
      <symbol id="sm-13b">
         <name>putiUart2</name>
         <value>0x701</value>
         <object_component_ref idref="oc-e8"/>
      </symbol>
      <symbol id="sm-13c">
         <name>putiUart1</name>
         <value>0x63d</value>
         <object_component_ref idref="oc-e8"/>
      </symbol>
      <symbol id="sm-13d">
         <name>initUart2</name>
         <value>0x655</value>
         <object_component_ref idref="oc-e8"/>
      </symbol>
      <symbol id="sm-13e">
         <name>initUart1</name>
         <value>0x5a1</value>
         <object_component_ref idref="oc-e8"/>
      </symbol>
      <symbol id="sm-13f">
         <name>moveWheels</name>
         <value>0x719</value>
         <object_component_ref idref="oc-e8"/>
      </symbol>
      <symbol id="sm-140">
         <name>setUart1BaudRate</name>
         <value>0x5f9</value>
         <object_component_ref idref="oc-e8"/>
      </symbol>
      <symbol id="sm-141">
         <name>moveUp</name>
         <value>0x759</value>
         <object_component_ref idref="oc-e8"/>
      </symbol>
      <symbol id="sm-142">
         <name>moveLeft</name>
         <value>0x769</value>
         <object_component_ref idref="oc-e8"/>
      </symbol>
      <symbol id="sm-151">
         <name>waitMicrosecond</name>
         <value>0xc49</value>
         <object_component_ref idref="oc-74"/>
      </symbol>
      <symbol id="sm-16a">
         <name>__TI_zero_init_nomemset</name>
         <value>0xc6d</value>
         <object_component_ref idref="oc-4d"/>
      </symbol>
      <symbol id="sm-181">
         <name>__TI_decompress_none</name>
         <value>0xc99</value>
         <object_component_ref idref="oc-1b"/>
      </symbol>
      <symbol id="sm-1a4">
         <name>__TI_decompress_lzss</name>
         <value>0xb69</value>
         <object_component_ref idref="oc-15"/>
      </symbol>
      <symbol id="sm-1b7">
         <name>__stack</name>
         <value>0x20000000</value>
         <object_component_ref idref="oc-24"/>
      </symbol>
      <symbol id="sm-1b8">
         <name>_c_int00_noargs</name>
         <value>0xc15</value>
         <object_component_ref idref="oc-5f"/>
      </symbol>
      <symbol id="sm-1d3">
         <name>memcpy</name>
         <value>0xacd</value>
         <object_component_ref idref="oc-41"/>
      </symbol>
      <symbol id="sm-1d4">
         <name>__aeabi_memcpy</name>
         <value>0xacd</value>
         <object_component_ref idref="oc-41"/>
      </symbol>
      <symbol id="sm-1d5">
         <name>__aeabi_memcpy8</name>
         <value>0xacd</value>
         <object_component_ref idref="oc-41"/>
      </symbol>
      <symbol id="sm-1d6">
         <name>__aeabi_memcpy4</name>
         <value>0xacd</value>
         <object_component_ref idref="oc-41"/>
      </symbol>
      <symbol id="sm-1ff">
         <name>__TI_auto_init_nobinit_nopinit</name>
         <value>0xbd1</value>
         <object_component_ref idref="oc-fc"/>
      </symbol>
      <symbol id="sm-209">
         <name>_system_pre_init</name>
         <value>0xcb3</value>
         <object_component_ref idref="oc-aa"/>
      </symbol>
      <symbol id="sm-215">
         <name>C$$EXIT</name>
         <value>0xcb7</value>
         <object_component_ref idref="oc-f0"/>
      </symbol>
      <symbol id="sm-216">
         <name>abort</name>
         <value>0xcb7</value>
         <object_component_ref idref="oc-f0"/>
      </symbol>
      <symbol id="sm-219">
         <name>__TI_static_base__</name>
         <value>0x0</value>
      </symbol>
      <symbol id="sm-21c">
         <name>__mpu_init</name>
         <value>0x0</value>
      </symbol>
      <symbol id="sm-21d">
         <name>_system_post_cinit</name>
         <value>0x0</value>
      </symbol>
   </symbol_table>
   <title>Link successful</title>
</link_info>
